Timing Analyzer report for Synchronous_BCD_Counter
Fri Jan 31 11:48:30 2025
Quartus Prime Version 18.1.0 Build 625 09/12/2018 SJ Lite Edition


---------------------
; Table of Contents ;
---------------------
  1. Legal Notice
  2. Timing Analyzer Summary
  3. Parallel Compilation
  4. Clocks
  5. Slow 1200mV 85C Model Fmax Summary
  6. Slow 1200mV 85C Model Setup Summary
  7. Slow 1200mV 85C Model Hold Summary
  8. Slow 1200mV 85C Model Recovery Summary
  9. Slow 1200mV 85C Model Removal Summary
 10. Slow 1200mV 85C Model Minimum Pulse Width Summary
 11. Slow 1200mV 85C Model Metastability Summary
 12. Slow 1200mV 0C Model Fmax Summary
 13. Slow 1200mV 0C Model Setup Summary
 14. Slow 1200mV 0C Model Hold Summary
 15. Slow 1200mV 0C Model Recovery Summary
 16. Slow 1200mV 0C Model Removal Summary
 17. Slow 1200mV 0C Model Minimum Pulse Width Summary
 18. Slow 1200mV 0C Model Metastability Summary
 19. Fast 1200mV 0C Model Setup Summary
 20. Fast 1200mV 0C Model Hold Summary
 21. Fast 1200mV 0C Model Recovery Summary
 22. Fast 1200mV 0C Model Removal Summary
 23. Fast 1200mV 0C Model Minimum Pulse Width Summary
 24. Fast 1200mV 0C Model Metastability Summary
 25. Multicorner Timing Analysis Summary
 26. Board Trace Model Assignments
 27. Input Transition Times
 28. Signal Integrity Metrics (Slow 1200mv 0c Model)
 29. Signal Integrity Metrics (Slow 1200mv 85c Model)
 30. Signal Integrity Metrics (Fast 1200mv 0c Model)
 31. Setup Transfers
 32. Hold Transfers
 33. Recovery Transfers
 34. Removal Transfers
 35. Report TCCS
 36. Report RSKM
 37. Unconstrained Paths Summary
 38. Clock Status Summary
 39. Unconstrained Input Ports
 40. Unconstrained Output Ports
 41. Unconstrained Input Ports
 42. Unconstrained Output Ports
 43. Timing Analyzer Messages



----------------
; Legal Notice ;
----------------
Copyright (C) 2018  Intel Corporation. All rights reserved.
Your use of Intel Corporation's design tools, logic functions 
and other software and tools, and its AMPP partner logic 
functions, and any output files from any of the foregoing 
(including device programming or simulation files), and any 
associated documentation or information are expressly subject 
to the terms and conditions of the Intel Program License 
Subscription Agreement, the Intel Quartus Prime License Agreement,
the Intel FPGA IP License Agreement, or other applicable license
agreement, including, without limitation, that your use is for
the sole purpose of programming logic devices manufactured by
Intel and sold by Intel or its authorized distributors.  Please
refer to the applicable agreement for further details.



+-----------------------------------------------------------------------------+
; Timing Analyzer Summary                                                     ;
+-----------------------+-----------------------------------------------------+
; Quartus Prime Version ; Version 18.1.0 Build 625 09/12/2018 SJ Lite Edition ;
; Timing Analyzer       ; Legacy Timing Analyzer                              ;
; Revision Name         ; Synchronous_BCD_Counter                             ;
; Device Family         ; MAX 10                                              ;
; Device Name           ; 10M50DAF484C7G                                      ;
; Timing Models         ; Final                                               ;
; Delay Model           ; Combined                                            ;
; Rise/Fall Delays      ; Enabled                                             ;
+-----------------------+-----------------------------------------------------+


+------------------------------------------+
; Parallel Compilation                     ;
+----------------------------+-------------+
; Processors                 ; Number      ;
+----------------------------+-------------+
; Number detected on machine ; 8           ;
; Maximum allowed            ; 4           ;
;                            ;             ;
; Average used               ; 1.05        ;
; Maximum used               ; 4           ;
;                            ;             ;
; Usage by Processor         ; % Time Used ;
;     Processor 1            ; 100.0%      ;
;     Processor 2            ;   1.6%      ;
;     Processor 3            ;   1.5%      ;
;     Processor 4            ;   1.5%      ;
+----------------------------+-------------+


+--------------------------------------------------------------------------------------------------------------------------------------------------------------------------------------------------------------------------------------------------------------------------------------------------------------------------------------------------------------+
; Clocks                                                                                                                                                                                                                                                                                                                                                       ;
+-----------------------------------------------------------------------------------------------+------+--------+------------+-------+-------+------------+-----------+-------------+-------+--------+-----------+------------+----------+--------+--------+---------------------------------------------------------------------------------------------------+
; Clock Name                                                                                    ; Type ; Period ; Frequency  ; Rise  ; Fall  ; Duty Cycle ; Divide by ; Multiply by ; Phase ; Offset ; Edge List ; Edge Shift ; Inverted ; Master ; Source ; Targets                                                                                           ;
+-----------------------------------------------------------------------------------------------+------+--------+------------+-------+-------+------------+-----------+-------------+-------+--------+-----------+------------+----------+--------+--------+---------------------------------------------------------------------------------------------------+
; BCDCounter:inst|lpm_counter:LPM_COUNTER_component|cntr_j5h:auto_generated|counter_reg_bit[23] ; Base ; 1.000  ; 1000.0 MHz ; 0.000 ; 0.500 ;            ;           ;             ;       ;        ;           ;            ;          ;        ;        ; { BCDCounter:inst|lpm_counter:LPM_COUNTER_component|cntr_j5h:auto_generated|counter_reg_bit[23] } ;
; sw0                                                                                           ; Base ; 1.000  ; 1000.0 MHz ; 0.000 ; 0.500 ;            ;           ;             ;       ;        ;           ;            ;          ;        ;        ; { sw0 }                                                                                           ;
; sysclk                                                                                        ; Base ; 1.000  ; 1000.0 MHz ; 0.000 ; 0.500 ;            ;           ;             ;       ;        ;           ;            ;          ;        ;        ; { sysclk }                                                                                        ;
+-----------------------------------------------------------------------------------------------+------+--------+------------+-------+-------+------------+-----------+-------------+-------+--------+-----------+------------+----------+--------+--------+---------------------------------------------------------------------------------------------------+


+----------------------------------------------------------------------------------------------------------------------------------------------------------------------------------------------+
; Slow 1200mV 85C Model Fmax Summary                                                                                                                                                           ;
+------------+-----------------+-----------------------------------------------------------------------------------------------+---------------------------------------------------------------+
; Fmax       ; Restricted Fmax ; Clock Name                                                                                    ; Note                                                          ;
+------------+-----------------+-----------------------------------------------------------------------------------------------+---------------------------------------------------------------+
; 329.92 MHz ; 250.0 MHz       ; sysclk                                                                                        ; limit due to minimum period restriction (max I/O toggle rate) ;
; 579.71 MHz ; 250.0 MHz       ; sw0                                                                                           ; limit due to minimum period restriction (max I/O toggle rate) ;
; 680.74 MHz ; 416.15 MHz      ; BCDCounter:inst|lpm_counter:LPM_COUNTER_component|cntr_j5h:auto_generated|counter_reg_bit[23] ; limit due to minimum period restriction (tmin)                ;
+------------+-----------------+-----------------------------------------------------------------------------------------------+---------------------------------------------------------------+
This panel reports FMAX for every clock in the design, regardless of the user-specified clock periods.  FMAX is only computed for paths where the source and destination registers or ports are driven by the same clock.  Paths of different clocks, including generated clocks, are ignored.  For paths between a clock and its inversion, FMAX is computed as if the rising and falling edges are scaled along with FMAX, such that the duty cycle (in terms of a percentage) is maintained. Altera recommends that you always use clock constraints and other slack reports for sign-off analysis.


+------------------------------------------------------------------------------------------------------------------------+
; Slow 1200mV 85C Model Setup Summary                                                                                    ;
+-----------------------------------------------------------------------------------------------+--------+---------------+
; Clock                                                                                         ; Slack  ; End Point TNS ;
+-----------------------------------------------------------------------------------------------+--------+---------------+
; BCDCounter:inst|lpm_counter:LPM_COUNTER_component|cntr_j5h:auto_generated|counter_reg_bit[23] ; -4.405 ; -32.440       ;
; sysclk                                                                                        ; -2.198 ; -32.493       ;
; sw0                                                                                           ; -0.725 ; -3.981        ;
+-----------------------------------------------------------------------------------------------+--------+---------------+


+------------------------------------------------------------------------------------------------------------------------+
; Slow 1200mV 85C Model Hold Summary                                                                                     ;
+-----------------------------------------------------------------------------------------------+--------+---------------+
; Clock                                                                                         ; Slack  ; End Point TNS ;
+-----------------------------------------------------------------------------------------------+--------+---------------+
; sw0                                                                                           ; -2.339 ; -15.366       ;
; sysclk                                                                                        ; 0.497  ; 0.000         ;
; BCDCounter:inst|lpm_counter:LPM_COUNTER_component|cntr_j5h:auto_generated|counter_reg_bit[23] ; 0.597  ; 0.000         ;
+-----------------------------------------------------------------------------------------------+--------+---------------+


+------------------------------------------------------------------------------------------------------------------------+
; Slow 1200mV 85C Model Recovery Summary                                                                                 ;
+-----------------------------------------------------------------------------------------------+--------+---------------+
; Clock                                                                                         ; Slack  ; End Point TNS ;
+-----------------------------------------------------------------------------------------------+--------+---------------+
; BCDCounter:inst|lpm_counter:LPM_COUNTER_component|cntr_j5h:auto_generated|counter_reg_bit[23] ; -3.382 ; -3.382        ;
+-----------------------------------------------------------------------------------------------+--------+---------------+


+-----------------------------------------------------------------------------------------------------------------------+
; Slow 1200mV 85C Model Removal Summary                                                                                 ;
+-----------------------------------------------------------------------------------------------+-------+---------------+
; Clock                                                                                         ; Slack ; End Point TNS ;
+-----------------------------------------------------------------------------------------------+-------+---------------+
; BCDCounter:inst|lpm_counter:LPM_COUNTER_component|cntr_j5h:auto_generated|counter_reg_bit[23] ; 2.912 ; 0.000         ;
+-----------------------------------------------------------------------------------------------+-------+---------------+


+------------------------------------------------------------------------------------------------------------------------+
; Slow 1200mV 85C Model Minimum Pulse Width Summary                                                                      ;
+-----------------------------------------------------------------------------------------------+--------+---------------+
; Clock                                                                                         ; Slack  ; End Point TNS ;
+-----------------------------------------------------------------------------------------------+--------+---------------+
; sysclk                                                                                        ; -3.000 ; -36.672       ;
; sw0                                                                                           ; -3.000 ; -14.821       ;
; BCDCounter:inst|lpm_counter:LPM_COUNTER_component|cntr_j5h:auto_generated|counter_reg_bit[23] ; -1.403 ; -11.268       ;
+-----------------------------------------------------------------------------------------------+--------+---------------+


-----------------------------------------------
; Slow 1200mV 85C Model Metastability Summary ;
-----------------------------------------------
No synchronizer chains to report.


+----------------------------------------------------------------------------------------------------------------------------------------------------------------------------------------------+
; Slow 1200mV 0C Model Fmax Summary                                                                                                                                                            ;
+------------+-----------------+-----------------------------------------------------------------------------------------------+---------------------------------------------------------------+
; Fmax       ; Restricted Fmax ; Clock Name                                                                                    ; Note                                                          ;
+------------+-----------------+-----------------------------------------------------------------------------------------------+---------------------------------------------------------------+
; 367.38 MHz ; 250.0 MHz       ; sysclk                                                                                        ; limit due to minimum period restriction (max I/O toggle rate) ;
; 625.0 MHz  ; 250.0 MHz       ; sw0                                                                                           ; limit due to minimum period restriction (max I/O toggle rate) ;
; 738.55 MHz ; 416.15 MHz      ; BCDCounter:inst|lpm_counter:LPM_COUNTER_component|cntr_j5h:auto_generated|counter_reg_bit[23] ; limit due to minimum period restriction (tmin)                ;
+------------+-----------------+-----------------------------------------------------------------------------------------------+---------------------------------------------------------------+
This panel reports FMAX for every clock in the design, regardless of the user-specified clock periods.  FMAX is only computed for paths where the source and destination registers or ports are driven by the same clock.  Paths of different clocks, including generated clocks, are ignored.  For paths between a clock and its inversion, FMAX is computed as if the rising and falling edges are scaled along with FMAX, such that the duty cycle (in terms of a percentage) is maintained. Altera recommends that you always use clock constraints and other slack reports for sign-off analysis.


+------------------------------------------------------------------------------------------------------------------------+
; Slow 1200mV 0C Model Setup Summary                                                                                     ;
+-----------------------------------------------------------------------------------------------+--------+---------------+
; Clock                                                                                         ; Slack  ; End Point TNS ;
+-----------------------------------------------------------------------------------------------+--------+---------------+
; BCDCounter:inst|lpm_counter:LPM_COUNTER_component|cntr_j5h:auto_generated|counter_reg_bit[23] ; -4.002 ; -29.476       ;
; sysclk                                                                                        ; -1.879 ; -27.009       ;
; sw0                                                                                           ; -0.600 ; -3.209        ;
+-----------------------------------------------------------------------------------------------+--------+---------------+


+------------------------------------------------------------------------------------------------------------------------+
; Slow 1200mV 0C Model Hold Summary                                                                                      ;
+-----------------------------------------------------------------------------------------------+--------+---------------+
; Clock                                                                                         ; Slack  ; End Point TNS ;
+-----------------------------------------------------------------------------------------------+--------+---------------+
; sw0                                                                                           ; -2.112 ; -13.858       ;
; sysclk                                                                                        ; 0.446  ; 0.000         ;
; BCDCounter:inst|lpm_counter:LPM_COUNTER_component|cntr_j5h:auto_generated|counter_reg_bit[23] ; 0.536  ; 0.000         ;
+-----------------------------------------------------------------------------------------------+--------+---------------+


+------------------------------------------------------------------------------------------------------------------------+
; Slow 1200mV 0C Model Recovery Summary                                                                                  ;
+-----------------------------------------------------------------------------------------------+--------+---------------+
; Clock                                                                                         ; Slack  ; End Point TNS ;
+-----------------------------------------------------------------------------------------------+--------+---------------+
; BCDCounter:inst|lpm_counter:LPM_COUNTER_component|cntr_j5h:auto_generated|counter_reg_bit[23] ; -3.100 ; -3.100        ;
+-----------------------------------------------------------------------------------------------+--------+---------------+


+-----------------------------------------------------------------------------------------------------------------------+
; Slow 1200mV 0C Model Removal Summary                                                                                  ;
+-----------------------------------------------------------------------------------------------+-------+---------------+
; Clock                                                                                         ; Slack ; End Point TNS ;
+-----------------------------------------------------------------------------------------------+-------+---------------+
; BCDCounter:inst|lpm_counter:LPM_COUNTER_component|cntr_j5h:auto_generated|counter_reg_bit[23] ; 2.756 ; 0.000         ;
+-----------------------------------------------------------------------------------------------+-------+---------------+


+------------------------------------------------------------------------------------------------------------------------+
; Slow 1200mV 0C Model Minimum Pulse Width Summary                                                                       ;
+-----------------------------------------------------------------------------------------------+--------+---------------+
; Clock                                                                                         ; Slack  ; End Point TNS ;
+-----------------------------------------------------------------------------------------------+--------+---------------+
; sysclk                                                                                        ; -3.000 ; -36.672       ;
; sw0                                                                                           ; -3.000 ; -14.065       ;
; BCDCounter:inst|lpm_counter:LPM_COUNTER_component|cntr_j5h:auto_generated|counter_reg_bit[23] ; -1.403 ; -11.224       ;
+-----------------------------------------------------------------------------------------------+--------+---------------+


----------------------------------------------
; Slow 1200mV 0C Model Metastability Summary ;
----------------------------------------------
No synchronizer chains to report.


+------------------------------------------------------------------------------------------------------------------------+
; Fast 1200mV 0C Model Setup Summary                                                                                     ;
+-----------------------------------------------------------------------------------------------+--------+---------------+
; Clock                                                                                         ; Slack  ; End Point TNS ;
+-----------------------------------------------------------------------------------------------+--------+---------------+
; BCDCounter:inst|lpm_counter:LPM_COUNTER_component|cntr_j5h:auto_generated|counter_reg_bit[23] ; -1.842 ; -13.523       ;
; sysclk                                                                                        ; -0.969 ; -1.613        ;
; sw0                                                                                           ; 0.303  ; 0.000         ;
+-----------------------------------------------------------------------------------------------+--------+---------------+


+------------------------------------------------------------------------------------------------------------------------+
; Fast 1200mV 0C Model Hold Summary                                                                                      ;
+-----------------------------------------------------------------------------------------------+--------+---------------+
; Clock                                                                                         ; Slack  ; End Point TNS ;
+-----------------------------------------------------------------------------------------------+--------+---------------+
; sw0                                                                                           ; -1.002 ; -6.620        ;
; sysclk                                                                                        ; 0.182  ; 0.000         ;
; BCDCounter:inst|lpm_counter:LPM_COUNTER_component|cntr_j5h:auto_generated|counter_reg_bit[23] ; 0.244  ; 0.000         ;
+-----------------------------------------------------------------------------------------------+--------+---------------+


+------------------------------------------------------------------------------------------------------------------------+
; Fast 1200mV 0C Model Recovery Summary                                                                                  ;
+-----------------------------------------------------------------------------------------------+--------+---------------+
; Clock                                                                                         ; Slack  ; End Point TNS ;
+-----------------------------------------------------------------------------------------------+--------+---------------+
; BCDCounter:inst|lpm_counter:LPM_COUNTER_component|cntr_j5h:auto_generated|counter_reg_bit[23] ; -1.402 ; -1.402        ;
+-----------------------------------------------------------------------------------------------+--------+---------------+


+-----------------------------------------------------------------------------------------------------------------------+
; Fast 1200mV 0C Model Removal Summary                                                                                  ;
+-----------------------------------------------------------------------------------------------+-------+---------------+
; Clock                                                                                         ; Slack ; End Point TNS ;
+-----------------------------------------------------------------------------------------------+-------+---------------+
; BCDCounter:inst|lpm_counter:LPM_COUNTER_component|cntr_j5h:auto_generated|counter_reg_bit[23] ; 1.094 ; 0.000         ;
+-----------------------------------------------------------------------------------------------+-------+---------------+


+------------------------------------------------------------------------------------------------------------------------+
; Fast 1200mV 0C Model Minimum Pulse Width Summary                                                                       ;
+-----------------------------------------------------------------------------------------------+--------+---------------+
; Clock                                                                                         ; Slack  ; End Point TNS ;
+-----------------------------------------------------------------------------------------------+--------+---------------+
; sysclk                                                                                        ; -3.000 ; -27.842       ;
; sw0                                                                                           ; -3.000 ; -13.514       ;
; BCDCounter:inst|lpm_counter:LPM_COUNTER_component|cntr_j5h:auto_generated|counter_reg_bit[23] ; -1.000 ; -8.000        ;
+-----------------------------------------------------------------------------------------------+--------+---------------+


----------------------------------------------
; Fast 1200mV 0C Model Metastability Summary ;
----------------------------------------------
No synchronizer chains to report.


+---------------------------------------------------------------------------------------------------------------------------------------------------------------+
; Multicorner Timing Analysis Summary                                                                                                                           ;
+------------------------------------------------------------------------------------------------+---------+---------+----------+---------+---------------------+
; Clock                                                                                          ; Setup   ; Hold    ; Recovery ; Removal ; Minimum Pulse Width ;
+------------------------------------------------------------------------------------------------+---------+---------+----------+---------+---------------------+
; Worst-case Slack                                                                               ; -4.405  ; -2.339  ; -3.382   ; 1.094   ; -3.000              ;
;  BCDCounter:inst|lpm_counter:LPM_COUNTER_component|cntr_j5h:auto_generated|counter_reg_bit[23] ; -4.405  ; 0.244   ; -3.382   ; 1.094   ; -1.403              ;
;  sw0                                                                                           ; -0.725  ; -2.339  ; N/A      ; N/A     ; -3.000              ;
;  sysclk                                                                                        ; -2.198  ; 0.182   ; N/A      ; N/A     ; -3.000              ;
; Design-wide TNS                                                                                ; -68.914 ; -15.366 ; -3.382   ; 0.0     ; -62.761             ;
;  BCDCounter:inst|lpm_counter:LPM_COUNTER_component|cntr_j5h:auto_generated|counter_reg_bit[23] ; -32.440 ; 0.000   ; -3.382   ; 0.000   ; -11.268             ;
;  sw0                                                                                           ; -3.981  ; -15.366 ; N/A      ; N/A     ; -14.821             ;
;  sysclk                                                                                        ; -32.493 ; 0.000   ; N/A      ; N/A     ; -36.672             ;
+------------------------------------------------------------------------------------------------+---------+---------+----------+---------+---------------------+


+-----------------------------------------------------------------------------------------------------------------------------------------------------------------------------------------------------------------------------------------------------------------------------------------------------------------------------------------------------------------------------------------------------------------+
; Board Trace Model Assignments                                                                                                                                                                                                                                                                                                                                                                                   ;
+--------------+--------------+-------------------+-------------------------+-------------------------+---------------+---------------------+----------------+------------------+--------+------------------+------------------------+------------------------+--------------+---------------+-----------------+-------+---------------------+--------------------+---------------+-----------------+-------------+
; Pin          ; I/O Standard ; Near Tline Length ; Near Tline L per Length ; Near Tline C per Length ; Near Series R ; Near Differential R ; Near Pull-up R ; Near Pull-down R ; Near C ; Far Tline Length ; Far Tline L per Length ; Far Tline C per Length ; Far Series R ; Far Pull-up R ; Far Pull-down R ; Far C ; Termination Voltage ; Far Differential R ; EBD File Name ; EBD Signal Name ; EBD Far-end ;
+--------------+--------------+-------------------+-------------------------+-------------------------+---------------+---------------------+----------------+------------------+--------+------------------+------------------------+------------------------+--------------+---------------+-----------------+-------+---------------------+--------------------+---------------+-----------------+-------------+
; sega         ; 2.5 V        ; 0 in              ; 0 H/in                  ; 0 F/in                  ; short         ; -                   ; open           ; open             ; open   ; 0 in             ; 0 H/in                 ; 0 F/in                 ; short        ; open          ; open            ; open  ; 0 V                 ; -                  ; n/a           ; n/a             ; n/a         ;
; segb         ; 2.5 V        ; 0 in              ; 0 H/in                  ; 0 F/in                  ; short         ; -                   ; open           ; open             ; open   ; 0 in             ; 0 H/in                 ; 0 F/in                 ; short        ; open          ; open            ; open  ; 0 V                 ; -                  ; n/a           ; n/a             ; n/a         ;
; segc         ; 2.5 V        ; 0 in              ; 0 H/in                  ; 0 F/in                  ; short         ; -                   ; open           ; open             ; open   ; 0 in             ; 0 H/in                 ; 0 F/in                 ; short        ; open          ; open            ; open  ; 0 V                 ; -                  ; n/a           ; n/a             ; n/a         ;
; segd         ; 2.5 V        ; 0 in              ; 0 H/in                  ; 0 F/in                  ; short         ; -                   ; open           ; open             ; open   ; 0 in             ; 0 H/in                 ; 0 F/in                 ; short        ; open          ; open            ; open  ; 0 V                 ; -                  ; n/a           ; n/a             ; n/a         ;
; sege         ; 2.5 V        ; 0 in              ; 0 H/in                  ; 0 F/in                  ; short         ; -                   ; open           ; open             ; open   ; 0 in             ; 0 H/in                 ; 0 F/in                 ; short        ; open          ; open            ; open  ; 0 V                 ; -                  ; n/a           ; n/a             ; n/a         ;
; segf         ; 2.5 V        ; 0 in              ; 0 H/in                  ; 0 F/in                  ; short         ; -                   ; open           ; open             ; open   ; 0 in             ; 0 H/in                 ; 0 F/in                 ; short        ; open          ; open            ; open  ; 0 V                 ; -                  ; n/a           ; n/a             ; n/a         ;
; segg         ; 2.5 V        ; 0 in              ; 0 H/in                  ; 0 F/in                  ; short         ; -                   ; open           ; open             ; open   ; 0 in             ; 0 H/in                 ; 0 F/in                 ; short        ; open          ; open            ; open  ; 0 V                 ; -                  ; n/a           ; n/a             ; n/a         ;
; sega2        ; 2.5 V        ; 0 in              ; 0 H/in                  ; 0 F/in                  ; short         ; -                   ; open           ; open             ; open   ; 0 in             ; 0 H/in                 ; 0 F/in                 ; short        ; open          ; open            ; open  ; 0 V                 ; -                  ; n/a           ; n/a             ; n/a         ;
; segb2        ; 2.5 V        ; 0 in              ; 0 H/in                  ; 0 F/in                  ; short         ; -                   ; open           ; open             ; open   ; 0 in             ; 0 H/in                 ; 0 F/in                 ; short        ; open          ; open            ; open  ; 0 V                 ; -                  ; n/a           ; n/a             ; n/a         ;
; segc2        ; 2.5 V        ; 0 in              ; 0 H/in                  ; 0 F/in                  ; short         ; -                   ; open           ; open             ; open   ; 0 in             ; 0 H/in                 ; 0 F/in                 ; short        ; open          ; open            ; open  ; 0 V                 ; -                  ; n/a           ; n/a             ; n/a         ;
; segd2        ; 2.5 V        ; 0 in              ; 0 H/in                  ; 0 F/in                  ; short         ; -                   ; open           ; open             ; open   ; 0 in             ; 0 H/in                 ; 0 F/in                 ; short        ; open          ; open            ; open  ; 0 V                 ; -                  ; n/a           ; n/a             ; n/a         ;
; sege2        ; 2.5 V        ; 0 in              ; 0 H/in                  ; 0 F/in                  ; short         ; -                   ; open           ; open             ; open   ; 0 in             ; 0 H/in                 ; 0 F/in                 ; short        ; open          ; open            ; open  ; 0 V                 ; -                  ; n/a           ; n/a             ; n/a         ;
; segf2        ; 2.5 V        ; 0 in              ; 0 H/in                  ; 0 F/in                  ; short         ; -                   ; open           ; open             ; open   ; 0 in             ; 0 H/in                 ; 0 F/in                 ; short        ; open          ; open            ; open  ; 0 V                 ; -                  ; n/a           ; n/a             ; n/a         ;
; segg2        ; 2.5 V        ; 0 in              ; 0 H/in                  ; 0 F/in                  ; short         ; -                   ; open           ; open             ; open   ; 0 in             ; 0 H/in                 ; 0 F/in                 ; short        ; open          ; open            ; open  ; 0 V                 ; -                  ; n/a           ; n/a             ; n/a         ;
; ~ALTERA_TDO~ ; 2.5 V        ; 0 in              ; 0 H/in                  ; 0 F/in                  ; short         ; -                   ; open           ; open             ; open   ; 0 in             ; 0 H/in                 ; 0 F/in                 ; short        ; open          ; open            ; open  ; 0 V                 ; -                  ; n/a           ; n/a             ; n/a         ;
+--------------+--------------+-------------------+-------------------------+-------------------------+---------------+---------------------+----------------+------------------+--------+------------------+------------------------+------------------------+--------------+---------------+-----------------+-------+---------------------+--------------------+---------------+-----------------+-------------+


+---------------------------------------------------------------------------------+
; Input Transition Times                                                          ;
+---------------------+-----------------------+-----------------+-----------------+
; Pin                 ; I/O Standard          ; 10-90 Rise Time ; 90-10 Fall Time ;
+---------------------+-----------------------+-----------------+-----------------+
; sw1                 ; 2.5 V                 ; 2000 ps         ; 2000 ps         ;
; sw4                 ; 2.5 V                 ; 2000 ps         ; 2000 ps         ;
; sw5                 ; 2.5 V                 ; 2000 ps         ; 2000 ps         ;
; sw3                 ; 2.5 V                 ; 2000 ps         ; 2000 ps         ;
; sw2                 ; 2.5 V                 ; 2000 ps         ; 2000 ps         ;
; sw0                 ; 2.5 V                 ; 2000 ps         ; 2000 ps         ;
; sw7                 ; 2.5 V                 ; 2000 ps         ; 2000 ps         ;
; sw9                 ; 2.5 V                 ; 2000 ps         ; 2000 ps         ;
; sw8                 ; 2.5 V                 ; 2000 ps         ; 2000 ps         ;
; sw6                 ; 2.5 V                 ; 2000 ps         ; 2000 ps         ;
; sysclk              ; 2.5 V                 ; 2000 ps         ; 2000 ps         ;
; ~ALTERA_TMS~        ; 2.5 V Schmitt Trigger ; 2000 ps         ; 2000 ps         ;
; ~ALTERA_TCK~        ; 2.5 V Schmitt Trigger ; 2000 ps         ; 2000 ps         ;
; ~ALTERA_TDI~        ; 2.5 V Schmitt Trigger ; 2000 ps         ; 2000 ps         ;
; ~ALTERA_CONFIG_SEL~ ; 2.5 V                 ; 2000 ps         ; 2000 ps         ;
; ~ALTERA_nCONFIG~    ; 2.5 V Schmitt Trigger ; 2000 ps         ; 2000 ps         ;
; ~ALTERA_nSTATUS~    ; 2.5 V Schmitt Trigger ; 2000 ps         ; 2000 ps         ;
; ~ALTERA_CONF_DONE~  ; 2.5 V Schmitt Trigger ; 2000 ps         ; 2000 ps         ;
+---------------------+-----------------------+-----------------+-----------------+


+-------------------------------------------------------------------------------------------------------------------------------------------------------------------------------------------------------------------------------------------------------------------------------------------------------------------------------------------------------------------------------------------------------------------------------------------------------------------------------------------------------------------------------------------------------------------------------------------------------------------------------------------------------------------------------------------+
; Signal Integrity Metrics (Slow 1200mv 0c Model)                                                                                                                                                                                                                                                                                                                                                                                                                                                                                                                                                                                                                                           ;
+--------------+--------------+---------------------+---------------------+------------------------------+------------------------------+---------------------+---------------------+--------------------------------------+--------------------------------------+-----------------------------+-----------------------------+----------------------------+----------------------------+-----------------------------+-----------------------------+--------------------+--------------------+-------------------------------------+-------------------------------------+----------------------------+----------------------------+---------------------------+---------------------------+
; Pin          ; I/O Standard ; Board Delay on Rise ; Board Delay on Fall ; Steady State Voh at FPGA Pin ; Steady State Vol at FPGA Pin ; Voh Max at FPGA Pin ; Vol Min at FPGA Pin ; Ringback Voltage on Rise at FPGA Pin ; Ringback Voltage on Fall at FPGA Pin ; 10-90 Rise Time at FPGA Pin ; 90-10 Fall Time at FPGA Pin ; Monotonic Rise at FPGA Pin ; Monotonic Fall at FPGA Pin ; Steady State Voh at Far-end ; Steady State Vol at Far-end ; Voh Max at Far-end ; Vol Min at Far-end ; Ringback Voltage on Rise at Far-end ; Ringback Voltage on Fall at Far-end ; 10-90 Rise Time at Far-end ; 90-10 Fall Time at Far-end ; Monotonic Rise at Far-end ; Monotonic Fall at Far-end ;
+--------------+--------------+---------------------+---------------------+------------------------------+------------------------------+---------------------+---------------------+--------------------------------------+--------------------------------------+-----------------------------+-----------------------------+----------------------------+----------------------------+-----------------------------+-----------------------------+--------------------+--------------------+-------------------------------------+-------------------------------------+----------------------------+----------------------------+---------------------------+---------------------------+
; sega         ; 2.5 V        ; 0 s                 ; 0 s                 ; 2.32 V                       ; 8.25e-09 V                   ; 2.41 V              ; -0.0871 V           ; 0.291 V                              ; 0.138 V                              ; 3.15e-10 s                  ; 4.16e-10 s                  ; No                         ; Yes                        ; 2.32 V                      ; 8.25e-09 V                  ; 2.41 V             ; -0.0871 V          ; 0.291 V                             ; 0.138 V                             ; 3.15e-10 s                 ; 4.16e-10 s                 ; No                        ; Yes                       ;
; segb         ; 2.5 V        ; 0 s                 ; 0 s                 ; 2.32 V                       ; 8.25e-09 V                   ; 2.41 V              ; -0.0859 V           ; 0.289 V                              ; 0.136 V                              ; 3.15e-10 s                  ; 4.16e-10 s                  ; No                         ; Yes                        ; 2.32 V                      ; 8.25e-09 V                  ; 2.41 V             ; -0.0859 V          ; 0.289 V                             ; 0.136 V                             ; 3.15e-10 s                 ; 4.16e-10 s                 ; No                        ; Yes                       ;
; segc         ; 2.5 V        ; 0 s                 ; 0 s                 ; 2.32 V                       ; 8.25e-09 V                   ; 2.41 V              ; -0.0859 V           ; 0.289 V                              ; 0.136 V                              ; 3.15e-10 s                  ; 4.16e-10 s                  ; No                         ; Yes                        ; 2.32 V                      ; 8.25e-09 V                  ; 2.41 V             ; -0.0859 V          ; 0.289 V                             ; 0.136 V                             ; 3.15e-10 s                 ; 4.16e-10 s                 ; No                        ; Yes                       ;
; segd         ; 2.5 V        ; 0 s                 ; 0 s                 ; 2.32 V                       ; 8.25e-09 V                   ; 2.41 V              ; -0.0871 V           ; 0.291 V                              ; 0.138 V                              ; 3.15e-10 s                  ; 4.16e-10 s                  ; No                         ; Yes                        ; 2.32 V                      ; 8.25e-09 V                  ; 2.41 V             ; -0.0871 V          ; 0.291 V                             ; 0.138 V                             ; 3.15e-10 s                 ; 4.16e-10 s                 ; No                        ; Yes                       ;
; sege         ; 2.5 V        ; 0 s                 ; 0 s                 ; 2.32 V                       ; 8.25e-09 V                   ; 2.41 V              ; -0.0871 V           ; 0.291 V                              ; 0.138 V                              ; 3.15e-10 s                  ; 4.16e-10 s                  ; No                         ; Yes                        ; 2.32 V                      ; 8.25e-09 V                  ; 2.41 V             ; -0.0871 V          ; 0.291 V                             ; 0.138 V                             ; 3.15e-10 s                 ; 4.16e-10 s                 ; No                        ; Yes                       ;
; segf         ; 2.5 V        ; 0 s                 ; 0 s                 ; 2.32 V                       ; 8.25e-09 V                   ; 2.41 V              ; -0.0871 V           ; 0.291 V                              ; 0.138 V                              ; 3.15e-10 s                  ; 4.16e-10 s                  ; No                         ; Yes                        ; 2.32 V                      ; 8.25e-09 V                  ; 2.41 V             ; -0.0871 V          ; 0.291 V                             ; 0.138 V                             ; 3.15e-10 s                 ; 4.16e-10 s                 ; No                        ; Yes                       ;
; segg         ; 2.5 V        ; 0 s                 ; 0 s                 ; 2.32 V                       ; 8.25e-09 V                   ; 2.41 V              ; -0.0859 V           ; 0.289 V                              ; 0.136 V                              ; 3.15e-10 s                  ; 4.16e-10 s                  ; No                         ; Yes                        ; 2.32 V                      ; 8.25e-09 V                  ; 2.41 V             ; -0.0859 V          ; 0.289 V                             ; 0.136 V                             ; 3.15e-10 s                 ; 4.16e-10 s                 ; No                        ; Yes                       ;
; sega2        ; 2.5 V        ; 0 s                 ; 0 s                 ; 2.32 V                       ; 8.25e-09 V                   ; 2.41 V              ; -0.0871 V           ; 0.291 V                              ; 0.138 V                              ; 3.15e-10 s                  ; 4.16e-10 s                  ; No                         ; Yes                        ; 2.32 V                      ; 8.25e-09 V                  ; 2.41 V             ; -0.0871 V          ; 0.291 V                             ; 0.138 V                             ; 3.15e-10 s                 ; 4.16e-10 s                 ; No                        ; Yes                       ;
; segb2        ; 2.5 V        ; 0 s                 ; 0 s                 ; 2.32 V                       ; 8.25e-09 V                   ; 2.41 V              ; -0.0871 V           ; 0.291 V                              ; 0.138 V                              ; 3.15e-10 s                  ; 4.16e-10 s                  ; No                         ; Yes                        ; 2.32 V                      ; 8.25e-09 V                  ; 2.41 V             ; -0.0871 V          ; 0.291 V                             ; 0.138 V                             ; 3.15e-10 s                 ; 4.16e-10 s                 ; No                        ; Yes                       ;
; segc2        ; 2.5 V        ; 0 s                 ; 0 s                 ; 2.32 V                       ; 8.25e-09 V                   ; 2.41 V              ; -0.0859 V           ; 0.289 V                              ; 0.136 V                              ; 3.15e-10 s                  ; 4.16e-10 s                  ; No                         ; Yes                        ; 2.32 V                      ; 8.25e-09 V                  ; 2.41 V             ; -0.0859 V          ; 0.289 V                             ; 0.136 V                             ; 3.15e-10 s                 ; 4.16e-10 s                 ; No                        ; Yes                       ;
; segd2        ; 2.5 V        ; 0 s                 ; 0 s                 ; 2.32 V                       ; 8.25e-09 V                   ; 2.41 V              ; -0.0871 V           ; 0.291 V                              ; 0.138 V                              ; 3.15e-10 s                  ; 4.16e-10 s                  ; No                         ; Yes                        ; 2.32 V                      ; 8.25e-09 V                  ; 2.41 V             ; -0.0871 V          ; 0.291 V                             ; 0.138 V                             ; 3.15e-10 s                 ; 4.16e-10 s                 ; No                        ; Yes                       ;
; sege2        ; 2.5 V        ; 0 s                 ; 0 s                 ; 2.32 V                       ; 8.25e-09 V                   ; 2.41 V              ; -0.0859 V           ; 0.289 V                              ; 0.136 V                              ; 3.15e-10 s                  ; 4.16e-10 s                  ; No                         ; Yes                        ; 2.32 V                      ; 8.25e-09 V                  ; 2.41 V             ; -0.0859 V          ; 0.289 V                             ; 0.136 V                             ; 3.15e-10 s                 ; 4.16e-10 s                 ; No                        ; Yes                       ;
; segf2        ; 2.5 V        ; 0 s                 ; 0 s                 ; 2.32 V                       ; 8.25e-09 V                   ; 2.41 V              ; -0.0871 V           ; 0.291 V                              ; 0.138 V                              ; 3.15e-10 s                  ; 4.16e-10 s                  ; No                         ; Yes                        ; 2.32 V                      ; 8.25e-09 V                  ; 2.41 V             ; -0.0871 V          ; 0.291 V                             ; 0.138 V                             ; 3.15e-10 s                 ; 4.16e-10 s                 ; No                        ; Yes                       ;
; segg2        ; 2.5 V        ; 0 s                 ; 0 s                 ; 2.32 V                       ; 8.25e-09 V                   ; 2.41 V              ; -0.0859 V           ; 0.289 V                              ; 0.136 V                              ; 3.15e-10 s                  ; 4.16e-10 s                  ; No                         ; Yes                        ; 2.32 V                      ; 8.25e-09 V                  ; 2.41 V             ; -0.0859 V          ; 0.289 V                             ; 0.136 V                             ; 3.15e-10 s                 ; 4.16e-10 s                 ; No                        ; Yes                       ;
; ~ALTERA_TDO~ ; 2.5 V        ; 0 s                 ; 0 s                 ; 2.32 V                       ; 1.39e-08 V                   ; 2.39 V              ; -0.0409 V           ; 0.21 V                               ; 0.121 V                              ; 4.7e-10 s                   ; 5.93e-10 s                  ; No                         ; Yes                        ; 2.32 V                      ; 1.39e-08 V                  ; 2.39 V             ; -0.0409 V          ; 0.21 V                              ; 0.121 V                             ; 4.7e-10 s                  ; 5.93e-10 s                 ; No                        ; Yes                       ;
+--------------+--------------+---------------------+---------------------+------------------------------+------------------------------+---------------------+---------------------+--------------------------------------+--------------------------------------+-----------------------------+-----------------------------+----------------------------+----------------------------+-----------------------------+-----------------------------+--------------------+--------------------+-------------------------------------+-------------------------------------+----------------------------+----------------------------+---------------------------+---------------------------+


+-------------------------------------------------------------------------------------------------------------------------------------------------------------------------------------------------------------------------------------------------------------------------------------------------------------------------------------------------------------------------------------------------------------------------------------------------------------------------------------------------------------------------------------------------------------------------------------------------------------------------------------------------------------------------------------------+
; Signal Integrity Metrics (Slow 1200mv 85c Model)                                                                                                                                                                                                                                                                                                                                                                                                                                                                                                                                                                                                                                          ;
+--------------+--------------+---------------------+---------------------+------------------------------+------------------------------+---------------------+---------------------+--------------------------------------+--------------------------------------+-----------------------------+-----------------------------+----------------------------+----------------------------+-----------------------------+-----------------------------+--------------------+--------------------+-------------------------------------+-------------------------------------+----------------------------+----------------------------+---------------------------+---------------------------+
; Pin          ; I/O Standard ; Board Delay on Rise ; Board Delay on Fall ; Steady State Voh at FPGA Pin ; Steady State Vol at FPGA Pin ; Voh Max at FPGA Pin ; Vol Min at FPGA Pin ; Ringback Voltage on Rise at FPGA Pin ; Ringback Voltage on Fall at FPGA Pin ; 10-90 Rise Time at FPGA Pin ; 90-10 Fall Time at FPGA Pin ; Monotonic Rise at FPGA Pin ; Monotonic Fall at FPGA Pin ; Steady State Voh at Far-end ; Steady State Vol at Far-end ; Voh Max at Far-end ; Vol Min at Far-end ; Ringback Voltage on Rise at Far-end ; Ringback Voltage on Fall at Far-end ; 10-90 Rise Time at Far-end ; 90-10 Fall Time at Far-end ; Monotonic Rise at Far-end ; Monotonic Fall at Far-end ;
+--------------+--------------+---------------------+---------------------+------------------------------+------------------------------+---------------------+---------------------+--------------------------------------+--------------------------------------+-----------------------------+-----------------------------+----------------------------+----------------------------+-----------------------------+-----------------------------+--------------------+--------------------+-------------------------------------+-------------------------------------+----------------------------+----------------------------+---------------------------+---------------------------+
; sega         ; 2.5 V        ; 0 s                 ; 0 s                 ; 2.32 V                       ; 1.16e-06 V                   ; 2.37 V              ; -0.0508 V           ; 0.153 V                              ; 0.187 V                              ; 4.63e-10 s                  ; 4.49e-10 s                  ; Yes                        ; Yes                        ; 2.32 V                      ; 1.16e-06 V                  ; 2.37 V             ; -0.0508 V          ; 0.153 V                             ; 0.187 V                             ; 4.63e-10 s                 ; 4.49e-10 s                 ; Yes                       ; Yes                       ;
; segb         ; 2.5 V        ; 0 s                 ; 0 s                 ; 2.32 V                       ; 1.16e-06 V                   ; 2.37 V              ; -0.049 V            ; 0.154 V                              ; 0.186 V                              ; 4.63e-10 s                  ; 4.5e-10 s                   ; Yes                        ; Yes                        ; 2.32 V                      ; 1.16e-06 V                  ; 2.37 V             ; -0.049 V           ; 0.154 V                             ; 0.186 V                             ; 4.63e-10 s                 ; 4.5e-10 s                  ; Yes                       ; Yes                       ;
; segc         ; 2.5 V        ; 0 s                 ; 0 s                 ; 2.32 V                       ; 1.16e-06 V                   ; 2.37 V              ; -0.049 V            ; 0.154 V                              ; 0.186 V                              ; 4.63e-10 s                  ; 4.5e-10 s                   ; Yes                        ; Yes                        ; 2.32 V                      ; 1.16e-06 V                  ; 2.37 V             ; -0.049 V           ; 0.154 V                             ; 0.186 V                             ; 4.63e-10 s                 ; 4.5e-10 s                  ; Yes                       ; Yes                       ;
; segd         ; 2.5 V        ; 0 s                 ; 0 s                 ; 2.32 V                       ; 1.16e-06 V                   ; 2.37 V              ; -0.0508 V           ; 0.153 V                              ; 0.187 V                              ; 4.63e-10 s                  ; 4.49e-10 s                  ; Yes                        ; Yes                        ; 2.32 V                      ; 1.16e-06 V                  ; 2.37 V             ; -0.0508 V          ; 0.153 V                             ; 0.187 V                             ; 4.63e-10 s                 ; 4.49e-10 s                 ; Yes                       ; Yes                       ;
; sege         ; 2.5 V        ; 0 s                 ; 0 s                 ; 2.32 V                       ; 1.16e-06 V                   ; 2.37 V              ; -0.0508 V           ; 0.153 V                              ; 0.187 V                              ; 4.63e-10 s                  ; 4.49e-10 s                  ; Yes                        ; Yes                        ; 2.32 V                      ; 1.16e-06 V                  ; 2.37 V             ; -0.0508 V          ; 0.153 V                             ; 0.187 V                             ; 4.63e-10 s                 ; 4.49e-10 s                 ; Yes                       ; Yes                       ;
; segf         ; 2.5 V        ; 0 s                 ; 0 s                 ; 2.32 V                       ; 1.16e-06 V                   ; 2.37 V              ; -0.0508 V           ; 0.153 V                              ; 0.187 V                              ; 4.63e-10 s                  ; 4.49e-10 s                  ; Yes                        ; Yes                        ; 2.32 V                      ; 1.16e-06 V                  ; 2.37 V             ; -0.0508 V          ; 0.153 V                             ; 0.187 V                             ; 4.63e-10 s                 ; 4.49e-10 s                 ; Yes                       ; Yes                       ;
; segg         ; 2.5 V        ; 0 s                 ; 0 s                 ; 2.32 V                       ; 1.16e-06 V                   ; 2.37 V              ; -0.049 V            ; 0.154 V                              ; 0.186 V                              ; 4.63e-10 s                  ; 4.5e-10 s                   ; Yes                        ; Yes                        ; 2.32 V                      ; 1.16e-06 V                  ; 2.37 V             ; -0.049 V           ; 0.154 V                             ; 0.186 V                             ; 4.63e-10 s                 ; 4.5e-10 s                  ; Yes                       ; Yes                       ;
; sega2        ; 2.5 V        ; 0 s                 ; 0 s                 ; 2.32 V                       ; 1.16e-06 V                   ; 2.37 V              ; -0.0508 V           ; 0.153 V                              ; 0.187 V                              ; 4.63e-10 s                  ; 4.49e-10 s                  ; Yes                        ; Yes                        ; 2.32 V                      ; 1.16e-06 V                  ; 2.37 V             ; -0.0508 V          ; 0.153 V                             ; 0.187 V                             ; 4.63e-10 s                 ; 4.49e-10 s                 ; Yes                       ; Yes                       ;
; segb2        ; 2.5 V        ; 0 s                 ; 0 s                 ; 2.32 V                       ; 1.16e-06 V                   ; 2.37 V              ; -0.0508 V           ; 0.153 V                              ; 0.187 V                              ; 4.63e-10 s                  ; 4.49e-10 s                  ; Yes                        ; Yes                        ; 2.32 V                      ; 1.16e-06 V                  ; 2.37 V             ; -0.0508 V          ; 0.153 V                             ; 0.187 V                             ; 4.63e-10 s                 ; 4.49e-10 s                 ; Yes                       ; Yes                       ;
; segc2        ; 2.5 V        ; 0 s                 ; 0 s                 ; 2.32 V                       ; 1.16e-06 V                   ; 2.37 V              ; -0.049 V            ; 0.154 V                              ; 0.186 V                              ; 4.63e-10 s                  ; 4.5e-10 s                   ; Yes                        ; Yes                        ; 2.32 V                      ; 1.16e-06 V                  ; 2.37 V             ; -0.049 V           ; 0.154 V                             ; 0.186 V                             ; 4.63e-10 s                 ; 4.5e-10 s                  ; Yes                       ; Yes                       ;
; segd2        ; 2.5 V        ; 0 s                 ; 0 s                 ; 2.32 V                       ; 1.16e-06 V                   ; 2.37 V              ; -0.0508 V           ; 0.153 V                              ; 0.187 V                              ; 4.63e-10 s                  ; 4.49e-10 s                  ; Yes                        ; Yes                        ; 2.32 V                      ; 1.16e-06 V                  ; 2.37 V             ; -0.0508 V          ; 0.153 V                             ; 0.187 V                             ; 4.63e-10 s                 ; 4.49e-10 s                 ; Yes                       ; Yes                       ;
; sege2        ; 2.5 V        ; 0 s                 ; 0 s                 ; 2.32 V                       ; 1.16e-06 V                   ; 2.37 V              ; -0.049 V            ; 0.154 V                              ; 0.186 V                              ; 4.63e-10 s                  ; 4.5e-10 s                   ; Yes                        ; Yes                        ; 2.32 V                      ; 1.16e-06 V                  ; 2.37 V             ; -0.049 V           ; 0.154 V                             ; 0.186 V                             ; 4.63e-10 s                 ; 4.5e-10 s                  ; Yes                       ; Yes                       ;
; segf2        ; 2.5 V        ; 0 s                 ; 0 s                 ; 2.32 V                       ; 1.16e-06 V                   ; 2.37 V              ; -0.0508 V           ; 0.153 V                              ; 0.187 V                              ; 4.63e-10 s                  ; 4.49e-10 s                  ; Yes                        ; Yes                        ; 2.32 V                      ; 1.16e-06 V                  ; 2.37 V             ; -0.0508 V          ; 0.153 V                             ; 0.187 V                             ; 4.63e-10 s                 ; 4.49e-10 s                 ; Yes                       ; Yes                       ;
; segg2        ; 2.5 V        ; 0 s                 ; 0 s                 ; 2.32 V                       ; 1.16e-06 V                   ; 2.37 V              ; -0.049 V            ; 0.154 V                              ; 0.186 V                              ; 4.63e-10 s                  ; 4.5e-10 s                   ; Yes                        ; Yes                        ; 2.32 V                      ; 1.16e-06 V                  ; 2.37 V             ; -0.049 V           ; 0.154 V                             ; 0.186 V                             ; 4.63e-10 s                 ; 4.5e-10 s                  ; Yes                       ; Yes                       ;
; ~ALTERA_TDO~ ; 2.5 V        ; 0 s                 ; 0 s                 ; 2.32 V                       ; 1.97e-06 V                   ; 2.36 V              ; -0.0173 V           ; 0.144 V                              ; 0.094 V                              ; 6.44e-10 s                  ; 7.2e-10 s                   ; No                         ; Yes                        ; 2.32 V                      ; 1.97e-06 V                  ; 2.36 V             ; -0.0173 V          ; 0.144 V                             ; 0.094 V                             ; 6.44e-10 s                 ; 7.2e-10 s                  ; No                        ; Yes                       ;
+--------------+--------------+---------------------+---------------------+------------------------------+------------------------------+---------------------+---------------------+--------------------------------------+--------------------------------------+-----------------------------+-----------------------------+----------------------------+----------------------------+-----------------------------+-----------------------------+--------------------+--------------------+-------------------------------------+-------------------------------------+----------------------------+----------------------------+---------------------------+---------------------------+


+-------------------------------------------------------------------------------------------------------------------------------------------------------------------------------------------------------------------------------------------------------------------------------------------------------------------------------------------------------------------------------------------------------------------------------------------------------------------------------------------------------------------------------------------------------------------------------------------------------------------------------------------------------------------------------------------+
; Signal Integrity Metrics (Fast 1200mv 0c Model)                                                                                                                                                                                                                                                                                                                                                                                                                                                                                                                                                                                                                                           ;
+--------------+--------------+---------------------+---------------------+------------------------------+------------------------------+---------------------+---------------------+--------------------------------------+--------------------------------------+-----------------------------+-----------------------------+----------------------------+----------------------------+-----------------------------+-----------------------------+--------------------+--------------------+-------------------------------------+-------------------------------------+----------------------------+----------------------------+---------------------------+---------------------------+
; Pin          ; I/O Standard ; Board Delay on Rise ; Board Delay on Fall ; Steady State Voh at FPGA Pin ; Steady State Vol at FPGA Pin ; Voh Max at FPGA Pin ; Vol Min at FPGA Pin ; Ringback Voltage on Rise at FPGA Pin ; Ringback Voltage on Fall at FPGA Pin ; 10-90 Rise Time at FPGA Pin ; 90-10 Fall Time at FPGA Pin ; Monotonic Rise at FPGA Pin ; Monotonic Fall at FPGA Pin ; Steady State Voh at Far-end ; Steady State Vol at Far-end ; Voh Max at Far-end ; Vol Min at Far-end ; Ringback Voltage on Rise at Far-end ; Ringback Voltage on Fall at Far-end ; 10-90 Rise Time at Far-end ; 90-10 Fall Time at Far-end ; Monotonic Rise at Far-end ; Monotonic Fall at Far-end ;
+--------------+--------------+---------------------+---------------------+------------------------------+------------------------------+---------------------+---------------------+--------------------------------------+--------------------------------------+-----------------------------+-----------------------------+----------------------------+----------------------------+-----------------------------+-----------------------------+--------------------+--------------------+-------------------------------------+-------------------------------------+----------------------------+----------------------------+---------------------------+---------------------------+
; sega         ; 2.5 V        ; 0 s                 ; 0 s                 ; 2.62 V                       ; 9.94e-08 V                   ; 2.78 V              ; -0.0444 V           ; 0.25 V                               ; 0.107 V                              ; 2.67e-10 s                  ; 2.75e-10 s                  ; No                         ; Yes                        ; 2.62 V                      ; 9.94e-08 V                  ; 2.78 V             ; -0.0444 V          ; 0.25 V                              ; 0.107 V                             ; 2.67e-10 s                 ; 2.75e-10 s                 ; No                        ; Yes                       ;
; segb         ; 2.5 V        ; 0 s                 ; 0 s                 ; 2.62 V                       ; 9.95e-08 V                   ; 2.78 V              ; -0.0452 V           ; 0.248 V                              ; 0.108 V                              ; 2.67e-10 s                  ; 2.75e-10 s                  ; No                         ; Yes                        ; 2.62 V                      ; 9.95e-08 V                  ; 2.78 V             ; -0.0452 V          ; 0.248 V                             ; 0.108 V                             ; 2.67e-10 s                 ; 2.75e-10 s                 ; No                        ; Yes                       ;
; segc         ; 2.5 V        ; 0 s                 ; 0 s                 ; 2.62 V                       ; 9.95e-08 V                   ; 2.78 V              ; -0.0452 V           ; 0.248 V                              ; 0.108 V                              ; 2.67e-10 s                  ; 2.75e-10 s                  ; No                         ; Yes                        ; 2.62 V                      ; 9.95e-08 V                  ; 2.78 V             ; -0.0452 V          ; 0.248 V                             ; 0.108 V                             ; 2.67e-10 s                 ; 2.75e-10 s                 ; No                        ; Yes                       ;
; segd         ; 2.5 V        ; 0 s                 ; 0 s                 ; 2.62 V                       ; 9.94e-08 V                   ; 2.78 V              ; -0.0444 V           ; 0.25 V                               ; 0.107 V                              ; 2.67e-10 s                  ; 2.75e-10 s                  ; No                         ; Yes                        ; 2.62 V                      ; 9.94e-08 V                  ; 2.78 V             ; -0.0444 V          ; 0.25 V                              ; 0.107 V                             ; 2.67e-10 s                 ; 2.75e-10 s                 ; No                        ; Yes                       ;
; sege         ; 2.5 V        ; 0 s                 ; 0 s                 ; 2.62 V                       ; 9.94e-08 V                   ; 2.78 V              ; -0.0444 V           ; 0.25 V                               ; 0.107 V                              ; 2.67e-10 s                  ; 2.75e-10 s                  ; No                         ; Yes                        ; 2.62 V                      ; 9.94e-08 V                  ; 2.78 V             ; -0.0444 V          ; 0.25 V                              ; 0.107 V                             ; 2.67e-10 s                 ; 2.75e-10 s                 ; No                        ; Yes                       ;
; segf         ; 2.5 V        ; 0 s                 ; 0 s                 ; 2.62 V                       ; 9.94e-08 V                   ; 2.78 V              ; -0.0444 V           ; 0.25 V                               ; 0.107 V                              ; 2.67e-10 s                  ; 2.75e-10 s                  ; No                         ; Yes                        ; 2.62 V                      ; 9.94e-08 V                  ; 2.78 V             ; -0.0444 V          ; 0.25 V                              ; 0.107 V                             ; 2.67e-10 s                 ; 2.75e-10 s                 ; No                        ; Yes                       ;
; segg         ; 2.5 V        ; 0 s                 ; 0 s                 ; 2.62 V                       ; 9.95e-08 V                   ; 2.78 V              ; -0.0452 V           ; 0.248 V                              ; 0.108 V                              ; 2.67e-10 s                  ; 2.75e-10 s                  ; No                         ; Yes                        ; 2.62 V                      ; 9.95e-08 V                  ; 2.78 V             ; -0.0452 V          ; 0.248 V                             ; 0.108 V                             ; 2.67e-10 s                 ; 2.75e-10 s                 ; No                        ; Yes                       ;
; sega2        ; 2.5 V        ; 0 s                 ; 0 s                 ; 2.62 V                       ; 9.94e-08 V                   ; 2.78 V              ; -0.0444 V           ; 0.25 V                               ; 0.107 V                              ; 2.67e-10 s                  ; 2.75e-10 s                  ; No                         ; Yes                        ; 2.62 V                      ; 9.94e-08 V                  ; 2.78 V             ; -0.0444 V          ; 0.25 V                              ; 0.107 V                             ; 2.67e-10 s                 ; 2.75e-10 s                 ; No                        ; Yes                       ;
; segb2        ; 2.5 V        ; 0 s                 ; 0 s                 ; 2.62 V                       ; 9.94e-08 V                   ; 2.78 V              ; -0.0444 V           ; 0.25 V                               ; 0.107 V                              ; 2.67e-10 s                  ; 2.75e-10 s                  ; No                         ; Yes                        ; 2.62 V                      ; 9.94e-08 V                  ; 2.78 V             ; -0.0444 V          ; 0.25 V                              ; 0.107 V                             ; 2.67e-10 s                 ; 2.75e-10 s                 ; No                        ; Yes                       ;
; segc2        ; 2.5 V        ; 0 s                 ; 0 s                 ; 2.62 V                       ; 9.95e-08 V                   ; 2.78 V              ; -0.0452 V           ; 0.248 V                              ; 0.108 V                              ; 2.67e-10 s                  ; 2.75e-10 s                  ; No                         ; Yes                        ; 2.62 V                      ; 9.95e-08 V                  ; 2.78 V             ; -0.0452 V          ; 0.248 V                             ; 0.108 V                             ; 2.67e-10 s                 ; 2.75e-10 s                 ; No                        ; Yes                       ;
; segd2        ; 2.5 V        ; 0 s                 ; 0 s                 ; 2.62 V                       ; 9.94e-08 V                   ; 2.78 V              ; -0.0444 V           ; 0.25 V                               ; 0.107 V                              ; 2.67e-10 s                  ; 2.75e-10 s                  ; No                         ; Yes                        ; 2.62 V                      ; 9.94e-08 V                  ; 2.78 V             ; -0.0444 V          ; 0.25 V                              ; 0.107 V                             ; 2.67e-10 s                 ; 2.75e-10 s                 ; No                        ; Yes                       ;
; sege2        ; 2.5 V        ; 0 s                 ; 0 s                 ; 2.62 V                       ; 9.95e-08 V                   ; 2.78 V              ; -0.0452 V           ; 0.248 V                              ; 0.108 V                              ; 2.67e-10 s                  ; 2.75e-10 s                  ; No                         ; Yes                        ; 2.62 V                      ; 9.95e-08 V                  ; 2.78 V             ; -0.0452 V          ; 0.248 V                             ; 0.108 V                             ; 2.67e-10 s                 ; 2.75e-10 s                 ; No                        ; Yes                       ;
; segf2        ; 2.5 V        ; 0 s                 ; 0 s                 ; 2.62 V                       ; 9.94e-08 V                   ; 2.78 V              ; -0.0444 V           ; 0.25 V                               ; 0.107 V                              ; 2.67e-10 s                  ; 2.75e-10 s                  ; No                         ; Yes                        ; 2.62 V                      ; 9.94e-08 V                  ; 2.78 V             ; -0.0444 V          ; 0.25 V                              ; 0.107 V                             ; 2.67e-10 s                 ; 2.75e-10 s                 ; No                        ; Yes                       ;
; segg2        ; 2.5 V        ; 0 s                 ; 0 s                 ; 2.62 V                       ; 9.95e-08 V                   ; 2.78 V              ; -0.0452 V           ; 0.248 V                              ; 0.108 V                              ; 2.67e-10 s                  ; 2.75e-10 s                  ; No                         ; Yes                        ; 2.62 V                      ; 9.95e-08 V                  ; 2.78 V             ; -0.0452 V          ; 0.248 V                             ; 0.108 V                             ; 2.67e-10 s                 ; 2.75e-10 s                 ; No                        ; Yes                       ;
; ~ALTERA_TDO~ ; 2.5 V        ; 0 s                 ; 0 s                 ; 2.62 V                       ; 1.68e-07 V                   ; 2.73 V              ; -0.0395 V           ; 0.361 V                              ; 0.109 V                              ; 3.1e-10 s                   ; 4.41e-10 s                  ; No                         ; Yes                        ; 2.62 V                      ; 1.68e-07 V                  ; 2.73 V             ; -0.0395 V          ; 0.361 V                             ; 0.109 V                             ; 3.1e-10 s                  ; 4.41e-10 s                 ; No                        ; Yes                       ;
+--------------+--------------+---------------------+---------------------+------------------------------+------------------------------+---------------------+---------------------+--------------------------------------+--------------------------------------+-----------------------------+-----------------------------+----------------------------+----------------------------+-----------------------------+-----------------------------+--------------------+--------------------+-------------------------------------+-------------------------------------+----------------------------+----------------------------+---------------------------+---------------------------+


+-------------------------------------------------------------------------------------------------------------------------------------------------------------------------------------------------------------------------------------------+
; Setup Transfers                                                                                                                                                                                                                           ;
+-----------------------------------------------------------------------------------------------+-----------------------------------------------------------------------------------------------+----------+----------+----------+----------+
; From Clock                                                                                    ; To Clock                                                                                      ; RR Paths ; FR Paths ; RF Paths ; FF Paths ;
+-----------------------------------------------------------------------------------------------+-----------------------------------------------------------------------------------------------+----------+----------+----------+----------+
; BCDCounter:inst|lpm_counter:LPM_COUNTER_component|cntr_j5h:auto_generated|counter_reg_bit[23] ; BCDCounter:inst|lpm_counter:LPM_COUNTER_component|cntr_j5h:auto_generated|counter_reg_bit[23] ; 8        ; 0        ; 0        ; 0        ;
; sw0                                                                                           ; BCDCounter:inst|lpm_counter:LPM_COUNTER_component|cntr_j5h:auto_generated|counter_reg_bit[23] ; 2        ; 9        ; 0        ; 0        ;
; BCDCounter:inst|lpm_counter:LPM_COUNTER_component|cntr_j5h:auto_generated|counter_reg_bit[23] ; sw0                                                                                           ; 0        ; 0        ; 7        ; 0        ;
; sw0                                                                                           ; sw0                                                                                           ; 0        ; 0        ; 0        ; 7        ;
; BCDCounter:inst|lpm_counter:LPM_COUNTER_component|cntr_j5h:auto_generated|counter_reg_bit[23] ; sysclk                                                                                        ; 1        ; 1        ; 0        ; 0        ;
; sysclk                                                                                        ; sysclk                                                                                        ; 299      ; 0        ; 0        ; 0        ;
+-----------------------------------------------------------------------------------------------+-----------------------------------------------------------------------------------------------+----------+----------+----------+----------+
Entries labeled "false path" only account for clock-to-clock false paths and not path-based false paths. As a result, actual path counts may be lower than reported.


+-------------------------------------------------------------------------------------------------------------------------------------------------------------------------------------------------------------------------------------------+
; Hold Transfers                                                                                                                                                                                                                            ;
+-----------------------------------------------------------------------------------------------+-----------------------------------------------------------------------------------------------+----------+----------+----------+----------+
; From Clock                                                                                    ; To Clock                                                                                      ; RR Paths ; FR Paths ; RF Paths ; FF Paths ;
+-----------------------------------------------------------------------------------------------+-----------------------------------------------------------------------------------------------+----------+----------+----------+----------+
; BCDCounter:inst|lpm_counter:LPM_COUNTER_component|cntr_j5h:auto_generated|counter_reg_bit[23] ; BCDCounter:inst|lpm_counter:LPM_COUNTER_component|cntr_j5h:auto_generated|counter_reg_bit[23] ; 8        ; 0        ; 0        ; 0        ;
; sw0                                                                                           ; BCDCounter:inst|lpm_counter:LPM_COUNTER_component|cntr_j5h:auto_generated|counter_reg_bit[23] ; 2        ; 9        ; 0        ; 0        ;
; BCDCounter:inst|lpm_counter:LPM_COUNTER_component|cntr_j5h:auto_generated|counter_reg_bit[23] ; sw0                                                                                           ; 0        ; 0        ; 7        ; 0        ;
; sw0                                                                                           ; sw0                                                                                           ; 0        ; 0        ; 0        ; 7        ;
; BCDCounter:inst|lpm_counter:LPM_COUNTER_component|cntr_j5h:auto_generated|counter_reg_bit[23] ; sysclk                                                                                        ; 1        ; 1        ; 0        ; 0        ;
; sysclk                                                                                        ; sysclk                                                                                        ; 299      ; 0        ; 0        ; 0        ;
+-----------------------------------------------------------------------------------------------+-----------------------------------------------------------------------------------------------+----------+----------+----------+----------+
Entries labeled "false path" only account for clock-to-clock false paths and not path-based false paths. As a result, actual path counts may be lower than reported.


+--------------------------------------------------------------------------------------------------------------------------------------------------------+
; Recovery Transfers                                                                                                                                     ;
+------------+-----------------------------------------------------------------------------------------------+----------+----------+----------+----------+
; From Clock ; To Clock                                                                                      ; RR Paths ; FR Paths ; RF Paths ; FF Paths ;
+------------+-----------------------------------------------------------------------------------------------+----------+----------+----------+----------+
; sw0        ; BCDCounter:inst|lpm_counter:LPM_COUNTER_component|cntr_j5h:auto_generated|counter_reg_bit[23] ; 2        ; 2        ; 0        ; 0        ;
+------------+-----------------------------------------------------------------------------------------------+----------+----------+----------+----------+
Entries labeled "false path" only account for clock-to-clock false paths and not path-based false paths. As a result, actual path counts may be lower than reported.


+--------------------------------------------------------------------------------------------------------------------------------------------------------+
; Removal Transfers                                                                                                                                      ;
+------------+-----------------------------------------------------------------------------------------------+----------+----------+----------+----------+
; From Clock ; To Clock                                                                                      ; RR Paths ; FR Paths ; RF Paths ; FF Paths ;
+------------+-----------------------------------------------------------------------------------------------+----------+----------+----------+----------+
; sw0        ; BCDCounter:inst|lpm_counter:LPM_COUNTER_component|cntr_j5h:auto_generated|counter_reg_bit[23] ; 2        ; 2        ; 0        ; 0        ;
+------------+-----------------------------------------------------------------------------------------------+----------+----------+----------+----------+
Entries labeled "false path" only account for clock-to-clock false paths and not path-based false paths. As a result, actual path counts may be lower than reported.


---------------
; Report TCCS ;
---------------
No dedicated SERDES Transmitter circuitry present in device or used in design


---------------
; Report RSKM ;
---------------
No non-DPA dedicated SERDES Receiver circuitry present in device or used in design


+------------------------------------------------+
; Unconstrained Paths Summary                    ;
+---------------------------------+-------+------+
; Property                        ; Setup ; Hold ;
+---------------------------------+-------+------+
; Illegal Clocks                  ; 0     ; 0    ;
; Unconstrained Clocks            ; 0     ; 0    ;
; Unconstrained Input Ports       ; 10    ; 10   ;
; Unconstrained Input Port Paths  ; 126   ; 126  ;
; Unconstrained Output Ports      ; 14    ; 14   ;
; Unconstrained Output Port Paths ; 184   ; 184  ;
+---------------------------------+-------+------+


+--------------------------------------------------------------------------------------------------------------------------------------------------------------------------------------------------------------------+
; Clock Status Summary                                                                                                                                                                                               ;
+-----------------------------------------------------------------------------------------------+-----------------------------------------------------------------------------------------------+------+-------------+
; Target                                                                                        ; Clock                                                                                         ; Type ; Status      ;
+-----------------------------------------------------------------------------------------------+-----------------------------------------------------------------------------------------------+------+-------------+
; BCDCounter:inst|lpm_counter:LPM_COUNTER_component|cntr_j5h:auto_generated|counter_reg_bit[23] ; BCDCounter:inst|lpm_counter:LPM_COUNTER_component|cntr_j5h:auto_generated|counter_reg_bit[23] ; Base ; Constrained ;
; sw0                                                                                           ; sw0                                                                                           ; Base ; Constrained ;
; sysclk                                                                                        ; sysclk                                                                                        ; Base ; Constrained ;
+-----------------------------------------------------------------------------------------------+-----------------------------------------------------------------------------------------------+------+-------------+


+---------------------------------------------------------------------------------------------------+
; Unconstrained Input Ports                                                                         ;
+------------+--------------------------------------------------------------------------------------+
; Input Port ; Comment                                                                              ;
+------------+--------------------------------------------------------------------------------------+
; sw0        ; No input delay, min/max delays, false-path exceptions, or max skew assignments found ;
; sw1        ; No input delay, min/max delays, false-path exceptions, or max skew assignments found ;
; sw2        ; No input delay, min/max delays, false-path exceptions, or max skew assignments found ;
; sw3        ; No input delay, min/max delays, false-path exceptions, or max skew assignments found ;
; sw4        ; No input delay, min/max delays, false-path exceptions, or max skew assignments found ;
; sw5        ; No input delay, min/max delays, false-path exceptions, or max skew assignments found ;
; sw6        ; No input delay, min/max delays, false-path exceptions, or max skew assignments found ;
; sw7        ; No input delay, min/max delays, false-path exceptions, or max skew assignments found ;
; sw8        ; No input delay, min/max delays, false-path exceptions, or max skew assignments found ;
; sw9        ; No input delay, min/max delays, false-path exceptions, or max skew assignments found ;
+------------+--------------------------------------------------------------------------------------+


+-----------------------------------------------------------------------------------------------------+
; Unconstrained Output Ports                                                                          ;
+-------------+---------------------------------------------------------------------------------------+
; Output Port ; Comment                                                                               ;
+-------------+---------------------------------------------------------------------------------------+
; sega        ; No output delay, min/max delays, false-path exceptions, or max skew assignments found ;
; sega2       ; No output delay, min/max delays, false-path exceptions, or max skew assignments found ;
; segb        ; No output delay, min/max delays, false-path exceptions, or max skew assignments found ;
; segb2       ; No output delay, min/max delays, false-path exceptions, or max skew assignments found ;
; segc        ; No output delay, min/max delays, false-path exceptions, or max skew assignments found ;
; segc2       ; No output delay, min/max delays, false-path exceptions, or max skew assignments found ;
; segd        ; No output delay, min/max delays, false-path exceptions, or max skew assignments found ;
; segd2       ; No output delay, min/max delays, false-path exceptions, or max skew assignments found ;
; sege        ; No output delay, min/max delays, false-path exceptions, or max skew assignments found ;
; sege2       ; No output delay, min/max delays, false-path exceptions, or max skew assignments found ;
; segf        ; No output delay, min/max delays, false-path exceptions, or max skew assignments found ;
; segf2       ; No output delay, min/max delays, false-path exceptions, or max skew assignments found ;
; segg        ; No output delay, min/max delays, false-path exceptions, or max skew assignments found ;
; segg2       ; No output delay, min/max delays, false-path exceptions, or max skew assignments found ;
+-------------+---------------------------------------------------------------------------------------+


+---------------------------------------------------------------------------------------------------+
; Unconstrained Input Ports                                                                         ;
+------------+--------------------------------------------------------------------------------------+
; Input Port ; Comment                                                                              ;
+------------+--------------------------------------------------------------------------------------+
; sw0        ; No input delay, min/max delays, false-path exceptions, or max skew assignments found ;
; sw1        ; No input delay, min/max delays, false-path exceptions, or max skew assignments found ;
; sw2        ; No input delay, min/max delays, false-path exceptions, or max skew assignments found ;
; sw3        ; No input delay, min/max delays, false-path exceptions, or max skew assignments found ;
; sw4        ; No input delay, min/max delays, false-path exceptions, or max skew assignments found ;
; sw5        ; No input delay, min/max delays, false-path exceptions, or max skew assignments found ;
; sw6        ; No input delay, min/max delays, false-path exceptions, or max skew assignments found ;
; sw7        ; No input delay, min/max delays, false-path exceptions, or max skew assignments found ;
; sw8        ; No input delay, min/max delays, false-path exceptions, or max skew assignments found ;
; sw9        ; No input delay, min/max delays, false-path exceptions, or max skew assignments found ;
+------------+--------------------------------------------------------------------------------------+


+-----------------------------------------------------------------------------------------------------+
; Unconstrained Output Ports                                                                          ;
+-------------+---------------------------------------------------------------------------------------+
; Output Port ; Comment                                                                               ;
+-------------+---------------------------------------------------------------------------------------+
; sega        ; No output delay, min/max delays, false-path exceptions, or max skew assignments found ;
; sega2       ; No output delay, min/max delays, false-path exceptions, or max skew assignments found ;
; segb        ; No output delay, min/max delays, false-path exceptions, or max skew assignments found ;
; segb2       ; No output delay, min/max delays, false-path exceptions, or max skew assignments found ;
; segc        ; No output delay, min/max delays, false-path exceptions, or max skew assignments found ;
; segc2       ; No output delay, min/max delays, false-path exceptions, or max skew assignments found ;
; segd        ; No output delay, min/max delays, false-path exceptions, or max skew assignments found ;
; segd2       ; No output delay, min/max delays, false-path exceptions, or max skew assignments found ;
; sege        ; No output delay, min/max delays, false-path exceptions, or max skew assignments found ;
; sege2       ; No output delay, min/max delays, false-path exceptions, or max skew assignments found ;
; segf        ; No output delay, min/max delays, false-path exceptions, or max skew assignments found ;
; segf2       ; No output delay, min/max delays, false-path exceptions, or max skew assignments found ;
; segg        ; No output delay, min/max delays, false-path exceptions, or max skew assignments found ;
; segg2       ; No output delay, min/max delays, false-path exceptions, or max skew assignments found ;
+-------------+---------------------------------------------------------------------------------------+


+--------------------------+
; Timing Analyzer Messages ;
+--------------------------+
Info: *******************************************************************
Info: Running Quartus Prime Timing Analyzer
    Info: Version 18.1.0 Build 625 09/12/2018 SJ Lite Edition
    Info: Processing started: Fri Jan 31 11:48:27 2025
Info: Command: quartus_sta Synchronous_BCD_Counter -c Synchronous_BCD_Counter
Info: qsta_default_script.tcl version: #1
Warning (18236): Number of processors has not been specified which may cause overloading on shared machines.  Set the global assignment NUM_PARALLEL_PROCESSORS in your QSF to an appropriate value for best performance.
Info (20030): Parallel compilation is enabled and will use 4 of the 4 processors detected
Info (21077): Low junction temperature is 0 degrees C
Info (21077): High junction temperature is 85 degrees C
Warning (335093): The Timing Analyzer is analyzing 8 combinational loops as latches. For more details, run the Check Timing command in the Timing Analyzer or view the "User-Specified and Inferred Latches" table in the Analysis & Synthesis report.
Critical Warning (332012): Synopsys Design Constraints File file not found: 'Synchronous_BCD_Counter.sdc'. A Synopsys Design Constraints File is required by the Timing Analyzer to get proper timing constraints. Without it, the Compiler will not properly optimize the design.
Info (332142): No user constrained base clocks found in the design. Calling "derive_clocks -period 1.0"
Info (332105): Deriving Clocks
    Info (332105): create_clock -period 1.000 -name sysclk sysclk
    Info (332105): create_clock -period 1.000 -name sw0 sw0
    Info (332105): create_clock -period 1.000 -name BCDCounter:inst|lpm_counter:LPM_COUNTER_component|cntr_j5h:auto_generated|counter_reg_bit[23] BCDCounter:inst|lpm_counter:LPM_COUNTER_component|cntr_j5h:auto_generated|counter_reg_bit[23]
Info (332143): No user constrained clock uncertainty found in the design. Calling "derive_clock_uncertainty"
Info (332123): Deriving Clock Uncertainty. Please refer to report_sdc in the Timing Analyzer to see clock uncertainties.
Info: Found TIMING_ANALYZER_REPORT_SCRIPT_INCLUDE_DEFAULT_ANALYSIS = ON
Info: Analyzing Slow 1200mV 85C Model
Info: Can't run Report Timing Closure Recommendations. The current device family is not supported.
Critical Warning (332148): Timing requirements not met
Info (332146): Worst-case setup slack is -4.405
    Info (332119):     Slack       End Point TNS Clock 
    Info (332119): ========= =================== =====================
    Info (332119):    -4.405             -32.440 BCDCounter:inst|lpm_counter:LPM_COUNTER_component|cntr_j5h:auto_generated|counter_reg_bit[23] 
    Info (332119):    -2.198             -32.493 sysclk 
    Info (332119):    -0.725              -3.981 sw0 
Info (332146): Worst-case hold slack is -2.339
    Info (332119):     Slack       End Point TNS Clock 
    Info (332119): ========= =================== =====================
    Info (332119):    -2.339             -15.366 sw0 
    Info (332119):     0.497               0.000 sysclk 
    Info (332119):     0.597               0.000 BCDCounter:inst|lpm_counter:LPM_COUNTER_component|cntr_j5h:auto_generated|counter_reg_bit[23] 
Info (332146): Worst-case recovery slack is -3.382
    Info (332119):     Slack       End Point TNS Clock 
    Info (332119): ========= =================== =====================
    Info (332119):    -3.382              -3.382 BCDCounter:inst|lpm_counter:LPM_COUNTER_component|cntr_j5h:auto_generated|counter_reg_bit[23] 
Info (332146): Worst-case removal slack is 2.912
    Info (332119):     Slack       End Point TNS Clock 
    Info (332119): ========= =================== =====================
    Info (332119):     2.912               0.000 BCDCounter:inst|lpm_counter:LPM_COUNTER_component|cntr_j5h:auto_generated|counter_reg_bit[23] 
Info (332146): Worst-case minimum pulse width slack is -3.000
    Info (332119):     Slack       End Point TNS Clock 
    Info (332119): ========= =================== =====================
    Info (332119):    -3.000             -36.672 sysclk 
    Info (332119):    -3.000             -14.821 sw0 
    Info (332119):    -1.403             -11.268 BCDCounter:inst|lpm_counter:LPM_COUNTER_component|cntr_j5h:auto_generated|counter_reg_bit[23] 
Info: Analyzing Slow 1200mV 0C Model
Info (334003): Started post-fitting delay annotation
Info (334004): Delay annotation completed successfully
Info (332123): Deriving Clock Uncertainty. Please refer to report_sdc in the Timing Analyzer to see clock uncertainties.
Critical Warning (332148): Timing requirements not met
Info (332146): Worst-case setup slack is -4.002
    Info (332119):     Slack       End Point TNS Clock 
    Info (332119): ========= =================== =====================
    Info (332119):    -4.002             -29.476 BCDCounter:inst|lpm_counter:LPM_COUNTER_component|cntr_j5h:auto_generated|counter_reg_bit[23] 
    Info (332119):    -1.879             -27.009 sysclk 
    Info (332119):    -0.600              -3.209 sw0 
Info (332146): Worst-case hold slack is -2.112
    Info (332119):     Slack       End Point TNS Clock 
    Info (332119): ========= =================== =====================
    Info (332119):    -2.112             -13.858 sw0 
    Info (332119):     0.446               0.000 sysclk 
    Info (332119):     0.536               0.000 BCDCounter:inst|lpm_counter:LPM_COUNTER_component|cntr_j5h:auto_generated|counter_reg_bit[23] 
Info (332146): Worst-case recovery slack is -3.100
    Info (332119):     Slack       End Point TNS Clock 
    Info (332119): ========= =================== =====================
    Info (332119):    -3.100              -3.100 BCDCounter:inst|lpm_counter:LPM_COUNTER_component|cntr_j5h:auto_generated|counter_reg_bit[23] 
Info (332146): Worst-case removal slack is 2.756
    Info (332119):     Slack       End Point TNS Clock 
    Info (332119): ========= =================== =====================
    Info (332119):     2.756               0.000 BCDCounter:inst|lpm_counter:LPM_COUNTER_component|cntr_j5h:auto_generated|counter_reg_bit[23] 
Info (332146): Worst-case minimum pulse width slack is -3.000
    Info (332119):     Slack       End Point TNS Clock 
    Info (332119): ========= =================== =====================
    Info (332119):    -3.000             -36.672 sysclk 
    Info (332119):    -3.000             -14.065 sw0 
    Info (332119):    -1.403             -11.224 BCDCounter:inst|lpm_counter:LPM_COUNTER_component|cntr_j5h:auto_generated|counter_reg_bit[23] 
Info: Analyzing Fast 1200mV 0C Model
Info (332123): Deriving Clock Uncertainty. Please refer to report_sdc in the Timing Analyzer to see clock uncertainties.
Critical Warning (332148): Timing requirements not met
Info (332146): Worst-case setup slack is -1.842
    Info (332119):     Slack       End Point TNS Clock 
    Info (332119): ========= =================== =====================
    Info (332119):    -1.842             -13.523 BCDCounter:inst|lpm_counter:LPM_COUNTER_component|cntr_j5h:auto_generated|counter_reg_bit[23] 
    Info (332119):    -0.969              -1.613 sysclk 
    Info (332119):     0.303               0.000 sw0 
Info (332146): Worst-case hold slack is -1.002
    Info (332119):     Slack       End Point TNS Clock 
    Info (332119): ========= =================== =====================
    Info (332119):    -1.002              -6.620 sw0 
    Info (332119):     0.182               0.000 sysclk 
    Info (332119):     0.244               0.000 BCDCounter:inst|lpm_counter:LPM_COUNTER_component|cntr_j5h:auto_generated|counter_reg_bit[23] 
Info (332146): Worst-case recovery slack is -1.402
    Info (332119):     Slack       End Point TNS Clock 
    Info (332119): ========= =================== =====================
    Info (332119):    -1.402              -1.402 BCDCounter:inst|lpm_counter:LPM_COUNTER_component|cntr_j5h:auto_generated|counter_reg_bit[23] 
Info (332146): Worst-case removal slack is 1.094
    Info (332119):     Slack       End Point TNS Clock 
    Info (332119): ========= =================== =====================
    Info (332119):     1.094               0.000 BCDCounter:inst|lpm_counter:LPM_COUNTER_component|cntr_j5h:auto_generated|counter_reg_bit[23] 
Info (332146): Worst-case minimum pulse width slack is -3.000
    Info (332119):     Slack       End Point TNS Clock 
    Info (332119): ========= =================== =====================
    Info (332119):    -3.000             -27.842 sysclk 
    Info (332119):    -3.000             -13.514 sw0 
    Info (332119):    -1.000              -8.000 BCDCounter:inst|lpm_counter:LPM_COUNTER_component|cntr_j5h:auto_generated|counter_reg_bit[23] 
Info (332102): Design is not fully constrained for setup requirements
Info (332102): Design is not fully constrained for hold requirements
Info: Quartus Prime Timing Analyzer was successful. 0 errors, 6 warnings
    Info: Peak virtual memory: 4823 megabytes
    Info: Processing ended: Fri Jan 31 11:48:30 2025
    Info: Elapsed time: 00:00:03
    Info: Total CPU time (on all processors): 00:00:03


